{
  "lang":"en",
  "name":"pipeline",
  "version":"0.0.0",
  "spacy_version":">=3.7.6,<3.8.0",
  "description":"",
  "author":"",
  "email":"",
  "url":"",
  "license":"",
  "spacy_git_version":"319e025",
  "vectors":{
    "width":0,
    "vectors":0,
    "keys":0,
    "name":null,
    "mode":"default"
  },
  "labels":{
    "transformer":[

    ],
    "ner":[
      "APPT_DATE",
      "COMMENCEMENT_DATE",
      "COMPLAINANT",
      "COMP_LOC",
      "FILING_DATE",
      "NO_RESPONSE",
      "PANELIST",
      "PUB_DATE",
      "REGISTRAR",
      "REGISTRAR_REQ_DATE",
      "REGISTRAR_REQ_RESP",
      "REPR_ORG",
      "RESPONDENT",
      "RESP_LOC",
      "TRADEMARK"
    ]
  },
  "pipeline":[
    "transformer",
    "ner"
  ],
  "components":[
    "transformer",
    "ner"
  ],
  "disabled":[

  ],
  "performance":{
    "ents_f":0.7944377267,
    "ents_p":0.7652882935,
    "ents_r":0.8258956631,
    "ents_per_type":{
      "COMPLAINANT":{
        "p":0.75,
        "r":0.8625,
        "f":0.8023255814
      },
      "COMP_LOC":{
        "p":0.6857142857,
        "r":0.6486486486,
        "f":0.6666666667
      },
      "REPR_ORG":{
        "p":0.7384615385,
        "r":0.8727272727,
        "f":0.8
      },
      "RESPONDENT":{
        "p":0.7032967033,
        "r":0.8421052632,
        "f":0.7664670659
      },
      "RESP_LOC":{
        "p":0.7333333333,
        "r":0.7333333333,
        "f":0.7333333333
      },
      "PANELIST":{
        "p":0.8561151079,
        "r":0.8206896552,
        "f":0.838028169
      },
      "COMMENCEMENT_DATE":{
        "p":0.9038461538,
        "r":0.8245614035,
        "f":0.8623853211
      },
      "NO_RESPONSE":{
        "p":0.7722772277,
        "r":0.8387096774,
        "f":0.8041237113
      },
      "TRADEMARK":{
        "p":0.6901408451,
        "r":0.7989130435,
        "f":0.7405541562
      },
      "PUB_DATE":{
        "p":0.875,
        "r":1.0,
        "f":0.9333333333
      },
      "FILING_DATE":{
        "p":0.9508196721,
        "r":0.9508196721,
        "f":0.9508196721
      },
      "REGISTRAR_REQ_DATE":{
        "p":0.9393939394,
        "r":0.8611111111,
        "f":0.8985507246
      },
      "APPT_DATE":{
        "p":0.8474576271,
        "r":0.7142857143,
        "f":0.7751937984
      },
      "REGISTRAR":{
        "p":0.8086419753,
        "r":0.8506493506,
        "f":0.8291139241
      },
      "REGISTRAR_REQ_RESP":{
        "p":0.8392857143,
        "r":0.9038461538,
        "f":0.8703703704
      }
    },
    "transformer_loss":35.2969213793,
    "ner_loss":464.7977926887
  }
}